Ref,Val,Package,PosX,PosY,Rot,Side
"BT1","CR1220","CR1220-2",-127.810000,25.510000,90.000000,bottom
"C1","10u","C0805",-39.935000,18.970000,-90.000000,bottom
"C2","10u","C0805",-41.935000,18.970000,-90.000000,bottom
"C3","10u","C0805",-43.935000,18.970000,-90.000000,bottom
"C4","10u","C0805",-45.935000,18.970000,-90.000000,bottom
"C5","10u","C0805",-47.935000,18.970000,-90.000000,bottom
"C6","10u","C0805",-39.935000,14.970000,90.000000,bottom
"C7","10u","C0805",-41.935000,14.970000,90.000000,bottom
"C8","10u","C0805",-43.935000,14.970000,90.000000,bottom
"C9","10u","C0805",-45.935000,14.970000,90.000000,bottom
"C10","10u","C0805",-47.935000,14.970000,90.000000,bottom
"C14","10u","C0805",-46.410000,9.510000,-90.000000,bottom
"C15","10u","C0805",-48.410000,9.510000,-90.000000,bottom
"C16","10u","C0805",-50.410000,9.510000,-90.000000,bottom
"C17","10u","C0805",-52.410000,9.510000,-90.000000,bottom
"C18","10u","C0805",-54.410000,9.510000,-90.000000,bottom
"C19","10u","C0805",-46.410000,5.510000,90.000000,bottom
"C20","10u","C0805",-48.410000,5.510000,90.000000,bottom
"C21","10u","C0805",-50.410000,5.510000,90.000000,bottom
"C22","10u","C0805",-52.410000,5.510000,90.000000,bottom
"C23","10u","C0805",-54.410000,5.510000,90.000000,bottom
"C27","100n","C0603",-97.610000,65.110000,-90.000000,bottom
"C28","10n","C0603",-89.610000,82.610000,0.000000,bottom
"C29","100n","C0603",-91.310000,77.092023,0.000000,bottom
"C30","10n","C0603",-93.000001,82.610000,180.000000,bottom
"C31","100n","C0603",-95.410000,73.510000,90.000000,bottom
"C32","1u","C0603",-97.210000,73.510000,90.000000,bottom
"C33","100n","C0603",-132.810000,34.010000,-90.000000,bottom
"D1","1N4148WS","SOD-323",-123.810000,16.010000,0.000000,bottom
"D2","B5819W","SOD-123",-41.407513,68.585000,90.000000,bottom
"D3","B5819W","SOD-123",-41.387513,61.780000,-90.000000,bottom
"D4","B5819W","SOD-123",-40.312513,31.610000,0.000000,bottom
"D5","B5819W","SOD-123",-40.292513,29.100000,0.000000,bottom
"D8","NUP2105L","SOT-23",-91.310000,79.592023,-90.000000,bottom
"L1","470R@100MHz","L_0603_1608Metric",-92.310000,85.010000,-90.000000,bottom
"L2","470R@100MHz","L_0603_1608Metric",-90.310000,85.010000,-90.000000,bottom
"R1","4.7k","R0603",-10.407513,29.880000,90.000000,bottom
"R2","33k","R0603",-51.810000,21.010000,90.000000,bottom
"R3","6.8k","R0603",-51.810000,18.010000,90.000000,bottom
"R5","0","R0603",-92.710000,61.810000,-90.000000,bottom
"R6","0","R0603",-113.410000,70.810000,-90.000000,bottom
"R7","5.6k","R0603",-84.810000,4.388318,90.000000,bottom
"R8","5.6k","R0603",-87.310000,4.388318,90.000000,bottom
"R10","4.7k","R0603",-52.867513,67.570000,180.000000,bottom
"R11","4.7k","R0603",-47.307513,61.980000,0.000000,bottom
"R12","4.7k","R0603",-52.127513,31.000000,90.000000,bottom
"R13","4.7k","R0603",-52.127513,27.500000,90.000000,bottom
"R15","4.7k","R0603",-38.310000,89.860000,90.000000,bottom
"R16","4.7k","R0603",-40.860000,89.860000,90.000000,bottom
"R29","4.7k","R0603",-45.887513,40.880000,180.000000,bottom
"R30","4.7k","R0603",-40.527513,35.640000,0.000000,bottom
"R31","4.7k","R0603",-45.717513,49.790000,180.000000,bottom
"R32","4.7k","R0603",-40.347513,44.170000,0.000000,bottom
"R33","4.7k","R0603",-45.877513,57.840000,180.000000,bottom
"R34","4.7k","R0603",-39.857513,52.570000,0.000000,bottom
"U4","MAX31855KASA","SOIC-8_3.9x4.9mm_P1.27mm",-91.310000,71.810000,-90.000000,bottom
"U6","VNLD5160TR-E","SOIC-8_3.9x4.9mm_P1.27mm",-40.245000,84.285000,-90.000000,bottom
"U7","VNLD5160TR-E","SOIC-8_3.9x4.9mm_P1.27mm",-47.477513,65.740000,180.000000,bottom
"U8","VNLD5160TR-E","SOIC-8_3.9x4.9mm_P1.27mm",-47.627513,30.000000,180.000000,bottom
"U9","VNLD5160TR-E","SOIC-8_3.9x4.9mm_P1.27mm",-40.627513,39.000000,180.000000,bottom
"U10","VNLD5160TR-E","SOIC-8_3.9x4.9mm_P1.27mm",-40.627513,48.000000,180.000000,bottom
"U11","VNLD5160TR-E","SOIC-8_3.9x4.9mm_P1.27mm",-40.627513,56.000000,180.000000,bottom
"C11","100n","C0603",37.410000,17.310000,-90.000000,top
"C12","10n","C0603",37.410000,14.210000,90.000000,top
"C13","10n","C0603",52.535000,14.970000,-90.000000,top
"C24","100n","C0603",43.410000,9.010000,-90.000000,top
"C25","10n","C0603",43.410000,5.510000,90.000000,top
"C26","10n","C0603",59.410000,5.510000,-90.000000,top
"F1","12H1500D","PAD-1206-PAD",58.610000,17.010000,-90.000000,top
"F2","12H1500D","PAD-1206-PAD",56.810000,22.610000,0.000000,top
"F3","12H1500D","PAD-1206-PAD",56.410000,17.010000,-90.000000,top
"F4","12H1500D","PAD-1206-PAD",54.210000,17.010000,-90.000000,top
"F5","50mA","Fuse_0603_1608Metric",62.257513,49.870000,0.000000,top
"F6","50mA","Fuse_0603_1608Metric",62.300013,51.960000,0.000000,top
"F7","50mA","Fuse_0603_1608Metric",62.200013,47.980000,0.000000,top
"F8","50mA","Fuse_0603_1608Metric",63.267513,38.120000,0.000000,top
"F9","50mA","Fuse_0603_1608Metric",63.297513,36.210000,0.000000,top
"F10","50mA","Fuse_0603_1608Metric",63.240013,34.270000,0.000000,top
"J6","Conn_01x06","PinHeader_1x06_P2.54mm_Vertical",133.960000,37.910000,-90.000000,top
"J7","Conn_01x05_Male","Molex_SPOX_5267-05A_1x05_P2.50mm_Vertical",118.810000,3.010000,90.000000,top
"J8","USB_B_Mini","USB-MINI-B-VERTICAL",94.185000,4.710000,90.000000,top
"J9","USB_C","USB_C",85.810000,4.010000,0.000000,top
"J23","2-6447232-3","TE 2-6447232-3",25.127513,25.685000,-90.000000,top
"J25","2-6447232-3","TE 2-6447232-3",25.127513,74.235000,-90.000000,top
"M1","Module-power_12and5V-0.3","power_12and5V",60.434999,1.234999,0.000000,top
"M2","Module-knock-0.2","knock",112.784999,82.135000,-90.000000,top
"M3","Module-vr-discrete-0.5","vr-discrete",78.085000,77.485000,-90.000000,top
"M4","Module-vr-max9924-0.1","vr-max9924",67.035000,77.485000,-90.000000,top
"M5","Module-wbo-0.5","wbo",135.235000,39.610000,90.000000,top
"M6","Module:mega-mcu100/0.3","mega-mcu100",115.310010,48.210000,180.000000,top
"M7","Module-can-0.1","can",66.435000,54.684998,-90.000000,top
"P3","Pad","PAD-TH",98.310000,2.510000,0.000000,top
"P4","Pad","PAD-TH",98.310000,7.510000,0.000000,top
"P5","Pad","PAD-TH",77.410000,46.010000,0.000000,top
"P6","Pad","PAD-TH",74.870000,46.010000,0.000000,top
"P7","Pad","PAD-TH",119.010000,24.010000,0.000000,top
"P8","Pad","PAD-TH",119.010000,19.310000,0.000000,top
"P15","Pad","PAD-TH",41.350000,11.510000,0.000000,top
"P16","Pad","PAD-TH",43.890000,11.510000,0.000000,top
"P17","Pad","PAD-TH",38.810000,11.510000,0.000000,top
"P18","Pad","PAD-TH",58.810000,11.010000,0.000000,top
"R4","Jumper-Pad-Pad","PAD-0805-PAD",79.284609,4.579609,-90.000000,top
"R9","4.7k","R0603",52.535000,17.970000,-90.000000,top
"R14","4.7k","R0603",59.410000,8.410000,-90.000000,top
"R35","10k","R0805",97.997513,85.380000,180.000000,top
"R36","10k","R0805",102.997513,85.410000,0.000000,top
"R37","10k","R0805",68.297513,84.670000,-90.000000,top
"R38","DNP","R0805",97.987492,87.280000,0.000000,top
"R39","DNP","R0805",103.037513,87.520000,180.000000,top
"R40","DNP","R0805",66.207513,84.700000,90.000000,top
"U1","TLE9201SG","Infineon_PG-DSO-12-11",44.810000,17.510000,0.000000,top
"U2","TLE9201SG","Infineon_PG-DSO-12-11",51.435000,8.050000,0.000000,top
"U3","MPX4/MPXH6400_MAP","MPX-4_MAP",111.823250,64.010000,-90.000000,top
"U5","JDY-33","JDY-33",128.460000,21.135000,180.000000,top
