Designator,Mid X,Mid Y,Layer,Rotation
BT1,127.81mm,25.51mm,Bottom,90.0
C27,97.61mm,65.11mm,Bottom,270.0
C33,132.81mm,34.01mm,Bottom,270.0
D1,123.81mm,16.01mm,Bottom,0.0
D2,41.407513mm,68.585mm,Bottom,90.0
D3,41.387513mm,61.78mm,Bottom,270.0
D4,40.312513mm,31.61mm,Bottom,0.0
D5,40.292513mm,29.1mm,Bottom,0.0
R1,10.407513mm,29.88mm,Bottom,90.0
R2,51.81mm,21.01mm,Bottom,90.0
R3,51.81mm,18.01mm,Bottom,90.0
R5,92.71mm,61.81mm,Bottom,270.0
R6,113.41mm,70.81mm,Bottom,270.0
R7,84.81mm,4.388318mm,Bottom,90.0
R8,87.31mm,4.388318mm,Bottom,90.0
R10,52.867513mm,67.57mm,Bottom,180.0
R11,47.307513mm,61.98mm,Bottom,0.0
R12,52.127513mm,31.0mm,Bottom,90.0
R13,52.127513mm,27.5mm,Bottom,90.0
R15,38.31mm,89.86mm,Bottom,90.0
R16,40.86mm,89.86mm,Bottom,90.0
R29,45.887513mm,40.88mm,Bottom,180.0
R30,40.527513mm,35.64mm,Bottom,0.0
R31,45.717513mm,49.79mm,Bottom,180.0
R32,40.347513mm,44.17mm,Bottom,0.0
R33,45.877513mm,57.84mm,Bottom,180.0
R34,39.857513mm,52.57mm,Bottom,0.0
U6,40.245mm,84.285mm,Bottom,180.0
U7,47.477513mm,65.74mm,Bottom,90.0
U8,47.627513mm,30.0mm,Bottom,90.0
U9,40.627513mm,39.0mm,Bottom,90.0
U10,40.627513mm,48.0mm,Bottom,90.0
U11,40.627513mm,56.0mm,Bottom,90.0
F1,58.61mm,17.01mm,Top,270.0
F2,56.81mm,22.61mm,Top,0.0
F5,62.257513mm,49.87mm,Top,0.0
F6,62.300013mm,51.96mm,Top,0.0
F7,62.200013mm,47.98mm,Top,0.0
F8,63.267513mm,38.12mm,Top,0.0
F9,63.297513mm,36.21mm,Top,0.0
F10,63.240013mm,34.27mm,Top,0.0
J6,133.96mm,37.91mm,Top,270.0
J7,118.81mm,3.01mm,Top,90.0
J8,94.185mm,4.71mm,Top,90.0
J9,85.81mm,4.01mm,Top,0.0
J23,25.127513mm,25.685mm,Top,270.0
J25,25.127513mm,74.235mm,Top,270.0
P3,98.31mm,2.51mm,Top,0.0
P4,98.31mm,7.51mm,Top,0.0
P5,77.41mm,46.01mm,Top,0.0
P6,74.87mm,46.01mm,Top,0.0
P7,119.01mm,24.01mm,Top,0.0
P8,119.01mm,19.31mm,Top,0.0
R4,79.284609mm,4.579609mm,Top,270.0
R35,97.997513mm,85.38mm,Top,180.0
R36,102.997513mm,85.41mm,Top,0.0
R37,68.297513mm,84.67mm,Top,270.0
R38,97.987492mm,87.28mm,Top,0.0
R39,103.037513mm,87.52mm,Top,180.0
R40,66.207513mm,84.7mm,Top,90.0
U3,111.82325mm,64.01mm,Top,270.0
U5,128.46mm,21.135mm,Top,180.0
D415,75.134999mm,19.934998999999998mm,Bottom,270.0
R428,76.119399mm,6.489499mm,Bottom,90.0
R427,62.984998999999995mm,5.134999mm,Bottom,0.0
R426,74.51079899999999mm,5.494899mm,Top,270.0
R425,73.202699mm,12.609999mm,Top,90.0
R424,73.202699mm,14.907099mm,Top,270.0
LED4,61.443099mm,4.246099mm,Top,270.0
LED3,74.51079899999999mm,7.644199mm,Top,90.0
LED2,74.284099mm,12.634999mm,Top,90.0
LED1,74.284099mm,14.882099mm,Top,270.0
R422,67.293399mm,4.134999mm,Bottom,180.0
C426,73.524999mm,9.534999000000001mm,Top,0.0
C425,70.834999mm,9.534999000000001mm,Top,180.0
F410,67.99199899999999mm,17.801799mm,Top,0.0
C415,73.158399mm,3.834999mm,Bottom,0.0
C414,72.183399mm,13.344999mm,Bottom,180.0
U411,70.757199mm,8.484999mm,Bottom,90.0
D410,63.634999mm,17.501799mm,Bottom,180.0
R411,63.733399mm,20.401798999999997mm,Bottom,270.0
D417,66.383399mm,20.634998999999997mm,Bottom,180.0
C410,71.627999mm,18.694999mm,Bottom,180.0
D412,67.284999mm,21.251799mm,Top,180.0
R410,64.508399mm,21.284999mm,Top,0.0
D413,67.284999mm,19.626799mm,Top,180.0
C411,66.35839899999999mm,18.834999mm,Bottom,0.0
R413,66.35839899999999mm,17.301799mm,Bottom,0.0
D414,63.834998999999996mm,18.834999mm,Bottom,0.0
D418,67.564999mm,13.634999mm,Top,0.0
D416,72.436599mm,17.728699mm,Top,180.0
U410,72.033399mm,20.334999mm,Top,180.0
C412,71.627999mm,20.734999mm,Bottom,180.0
C413,69.658399mm,19.897899mm,Top,90.0
D411,63.983399mm,18.826499mm,Top,0.0
U420,64.898399mm,9.726799mm,Bottom,180.0
R420,69.008399mm,18.151898999999997mm,Bottom,90.0
C429,67.193399mm,5.134999mm,Bottom,0.0
C427,67.914699mm,18.336899mm,Bottom,270.0
C428,65.004299mm,5.134999mm,Bottom,180.0
C423,65.831599mm,15.226799mm,Bottom,90.0
C421,67.02319899999999mm,15.226799mm,Bottom,90.0
C422,68.214699mm,15.226799mm,Bottom,90.0
C424,64.634999mm,15.226799mm,Bottom,270.0
R421,68.389699mm,13.464999mm,Bottom,0.0
R423,65.104299mm,4.134999mm,Bottom,180.0
D420,66.634999mm,3.1349989999999996mm,Top,0.0
C420,63.584998999999996mm,15.634999mm,Bottom,270.0
L420,71.534999mm,15.534999000000001mm,Bottom,180.0
D421,71.884999mm,5.174199mm,Top,270.0
L421,66.134999mm,7.734999mm,Top,0.0
C752,82.93499999999999mm,63.735mm,Bottom,90.0
C753,81.00999999999999mm,63.76mm,Bottom,270.0
C755,86.13499999999999mm,65.76mm,Bottom,270.0
C756,86.13499999999999mm,67.895mm,Bottom,270.0
C757,85.18499999999999mm,67.895mm,Bottom,270.0
C760,79.43499999999999mm,73.085mm,Bottom,180.0
C761,87.02499999999999mm,76.035mm,Bottom,90.0
C762,81.270389mm,73.088563mm,Bottom,0.0
C764,86.13499999999999mm,63.94mm,Bottom,90.0
C766,87.065mm,63.89mm,Bottom,90.0
R752,81.384mm,75.32574699999999mm,Bottom,270.0
R753,79.46mm,75.32574699999999mm,Bottom,90.0
R754,85.18499999999999mm,63.835mm,Bottom,90.0
R757,84.235mm,63.885mm,Bottom,270.0
R760,81.96mm,63.76mm,Bottom,270.0
R761,85.18499999999999mm,65.71mm,Bottom,90.0
R762,84.235mm,65.785mm,Bottom,90.0
R763,78.925mm,63.875mm,Bottom,270.0
R765,87.065mm,67.895mm,Bottom,90.0
R766,84.235073mm,67.882085mm,Bottom,90.0
U752,85.835mm,70.885mm,Bottom,270.0
U753,80.985mm,68.66928300000001mm,Bottom,180.0
U757,84.75578399999999mm,74.985mm,Bottom,270.0
C751,80.335mm,71.91mm,Top,180.0
C754,79.35499999999999mm,68.335mm,Top,0.0
C758,79.35499999999999mm,66.035mm,Top,180.0
C759,81.346593mm,68.335mm,Top,0.0
C763,82.585mm,76.035mm,Top,90.0
C765,84.405mm,72.875mm,Top,270.0
C767,81.346593mm,66.035mm,Top,0.0
C768,85.655mm,70.645mm,Top,0.0
C769,81.93499999999999mm,63.545mm,Top,90.0
D751,83.82499999999999mm,75.595mm,Top,270.0
R751,85.43499999999999mm,75.735mm,Top,90.0
R755,81.735mm,71.395mm,Top,90.0
R756,78.86mm,71.44mm,Top,270.0
R758,80.29921499999999mm,70.685mm,Top,180.0
R759,82.735mm,71.395mm,Top,270.0
R764,79.35499999999999mm,67.335mm,Top,0.0
R767,81.346593mm,69.335mm,Top,180.0
R768,81.346593mm,67.335mm,Top,0.0
R769,79.35499999999999mm,69.335mm,Top,0.0
R770,82.74499999999999mm,73.295mm,Top,270.0
U751,80.416597mm,74.659294mm,Top,90.0
U754,85.035mm,66.48697mm,Top,180.0
U755,86.32499999999999mm,72.675mm,Top,270.0
U756,79.93499999999999mm,64.138205mm,Top,0.0
C771,72.535mm,69.385mm,Top,180.0
C772,71.835mm,64.485mm,Top,90.0
C773,73.18290499999999mm,64.485mm,Top,90.0
D771,75.035mm,67.585mm,Top,90.0
R771,68.835mm,73.985mm,Top,90.0
R772,72.63499999999999mm,75.885mm,Top,180.0
R773,71.235mm,72.285mm,Top,90.0
R774,73.735mm,72.285mm,Top,90.0
R775,72.535mm,68.085mm,Top,180.0
R776,74.985mm,64.485mm,Top,90.0
R777,72.535mm,66.585mm,Top,180.0
U771,69.335mm,66.685mm,Top,270.0
C601,131.53500000000003mm,48.71mm,Bottom,0.0
C602,131.53500000000003mm,47.76mm,Bottom,0.0
C603,133.735mm,47.76mm,Bottom,180.0
C604,131.53500000000003mm,46.81mm,Bottom,0.0
C605,133.19333200000003mm,60.635mm,Bottom,90.0
C606,133.735mm,46.81mm,Bottom,0.0
C607,129.31mm,64.31mm,Bottom,90.0
C608,123.06000000000002mm,47.035mm,Bottom,270.0
C617,125.710372mm,41.21mm,Bottom,0.0
C618,131.31mm,43.634935999999996mm,Bottom,90.0
D604,133.485mm,43.235mm,Bottom,270.0
R602,128.435mm,55.535mm,Bottom,270.0
R603,126.43500000000002mm,54.76mm,Bottom,90.0
R604,133.735mm,48.71mm,Bottom,180.0
R605,127.43500000000002mm,54.735mm,Bottom,270.0
R606,128.16000000000003mm,63.335mm,Bottom,270.0
R607,134.26000000000002mm,60.635mm,Bottom,270.0
R608,127.43500000000002mm,56.635mm,Bottom,90.0
R609,123.08500000000001mm,49.635mm,Bottom,270.0
R610,130.685mm,58.71mm,Bottom,270.0
R611,130.685mm,60.635mm,Bottom,270.0
R612,131.95166600000002mm,60.635mm,Bottom,90.0
R613,124.78500000000001mm,50.61mm,Bottom,180.0
R614,124.01000000000002mm,47.030709mm,Bottom,90.0
R615,124.48500000000001mm,49.085mm,Bottom,90.0
R616,124.51000000000002mm,64.285mm,Bottom,270.0
R618,126.43500000000002mm,52.01mm,Bottom,270.0
R619,127.43500000000002mm,52.835mm,Bottom,270.0
R620,128.435mm,52.835mm,Bottom,90.0
R621,123.57500000000002mm,41.21mm,Bottom,0.0
R622,124.51000000000002mm,62.335mm,Bottom,90.0
R623,128.435mm,50.96mm,Bottom,270.0
R624,122.11000000000001mm,47.035mm,Bottom,90.0
R629,127.721348mm,41.22mm,Bottom,180.0
R630,124.99500000000002mm,56.05mm,Bottom,270.0
U600,131.985mm,53.26mm,Bottom,0.0
U601,123.06000000000002mm,43.91mm,Bottom,90.0
U605,127.78537200000001mm,45.41mm,Bottom,270.0
C600,133.36mm,55.4975mm,Top,0.0
C609,131.935mm,47.185mm,Top,0.0
C610,125.38500000000002mm,41.787mm,Top,90.0
C611,127.28500000000001mm,56.61mm,Top,0.0
C612,125.38500000000002mm,56.61mm,Top,180.0
C613,129.91000000000003mm,42.685mm,Top,90.0
C614,129.41000000000003mm,56.61mm,Top,180.0
C615,122.61000000000001mm,46.51mm,Top,180.0
C616,127.44750000000002mm,44.835mm,Top,0.0
D600,132.51000000000002mm,65.21000000000001mm,Top,180.0
D601,133.835mm,52.435mm,Top,270.0
D602,133.835mm,49.46mm,Top,90.0
D603,123.00500000000001mm,44.92755mm,Top,0.0
Q600,129.28500000000003mm,60.769999999999996mm,Top,180.0
Q601,122.61000000000001mm,60.86mm,Top,270.0
R600,131.46mm,56.56mm,Top,0.0
R601,133.36mm,56.56mm,Top,0.0
R617,122.61000000000001mm,55.31mm,Top,180.0
R625,129.935mm,44.66mm,Top,90.0
R626,133.36mm,54.435mm,Top,0.0
R627,133.81mm,47.31mm,Top,0.0
R628,125.38500000000002mm,44.435mm,Top,270.0
U602,127.13500000000002mm,50.96mm,Top,180.0
U603,123.13500000000002mm,42.335mm,Top,0.0
U604,127.61000000000001mm,42.385mm,Top,90.0
R148,103.51001000000001mm,14.009999999999998mm,Bottom,0.0
R142,102.11001mm,13.11mm,Bottom,0.0
U108,85.92981mm,46.201mm,Top,180.0
VD103,83.11001mm,41.615mm,Bottom,90.0
U101,111.16001mm,16.7636mm,Top,90.0
C119,103.50991mm,21.4906mm,Bottom,180.0
R147,94.49841mm,13.6937mm,Bottom,180.0
R146,114.17611000000001mm,15.11mm,Bottom,90.0
R141,101.11001mm,13.11mm,Bottom,0.0
U102,106.05351mm,18.4815mm,Bottom,0.0
R109,105.99371000000001mm,19.0772mm,Top,0.0
R108,108.91001mm,19.466mm,Bottom,0.0
Q103,105.26721mm,17.0132mm,Top,0.0
Q102,100.71501mm,14.410000000000004mm,Top,0.0
Q101,106.43751mm,14.175000000000004mm,Bottom,180.0
Q100,109.81001mm,16.815mm,Bottom,90.0
L100,99.91061mm,32.86mm,Bottom,0.0
F100,98.05501000000001mm,14.181600000000003mm,Bottom,0.0
C120,101.80991mm,33.0105mm,Top,180.0
C107,106.93151mm,16.41mm,Bottom,180.0
C106,106.90651000000001mm,20.7531mm,Bottom,180.0
U110,107.35691mm,22.8051mm,Bottom,90.0
R145,107.31781000000001mm,25.7653mm,Bottom,180.0
R144,107.31781000000001mm,24.8198mm,Bottom,180.0
R143,113.91321mm,36.9788mm,Bottom,90.0
R107,105.19611mm,14.831600000000002mm,Top,180.0
D108,105.55691mm,13.46mm,Top,0.0
U107,84.20351000000001mm,37.0061mm,Bottom,180.0
U106,83.51761mm,23.578200000000002mm,Top,180.0
C134,84.20351000000001mm,38.7424mm,Bottom,180.0
C126,83.21481mm,21.634900000000002mm,Top,0.0
VD102,86.46381000000001mm,41.615mm,Bottom,90.0
VD101,83.11001mm,46.005mm,Bottom,270.0
VD100,86.46381000000001mm,46.005mm,Bottom,270.0
U109,85.92981mm,43.726mm,Top,180.0
U103,108.81001mm,30.385mm,Bottom,90.0
U100,111.20991000000001mm,23.709500000000002mm,Top,270.0
U195,104.01001000000001mm,37.86mm,Top,270.0
U190,89.81001mm,37.86mm,Top,270.0
U185,111.11001mm,37.86mm,Top,270.0
U180,96.91001mm,37.86mm,Top,270.0
S101,95.11031mm,14.5957mm,Top,180.0
S100,83.96351000000001mm,27.71mm,Top,270.0
R140,90.00991mm,43.910000000000004mm,Bottom,180.0
R111,113.81001mm,32.56mm,Bottom,0.0
R112,113.81001mm,31.51mm,Bottom,0.0
R117,113.81001mm,26.26mm,Bottom,0.0
R115,113.81001mm,28.36mm,Bottom,0.0
R116,113.81001mm,27.310000000000002mm,Bottom,0.0
R114,113.81001mm,29.41mm,Bottom,0.0
R113,113.81001mm,30.46mm,Bottom,0.0
R110,113.81001mm,33.61mm,Bottom,0.0
R120,83.49171000000001mm,20.423000000000002mm,Top,180.0
R100,114.10991mm,23.71mm,Bottom,270.0
R258,93.35231mm,44.4151mm,Bottom,90.0
R255,114.16001mm,46.31mm,Bottom,90.0
R256,92.41001mm,41.71mm,Bottom,270.0
R254,114.26001000000001mm,43.86mm,Top,90.0
R245,96.70991000000001mm,45.36mm,Bottom,180.0
R227,101.51001000000001mm,45.36mm,Bottom,180.0
R200,111.10991mm,45.36mm,Bottom,180.0
R197,104.00991mm,36.510000000000005mm,Bottom,0.0
R196,104.01001000000001mm,39.31mm,Bottom,180.0
R195,101.15991000000001mm,39.81mm,Bottom,90.0
R191,89.91001mm,36.510000000000005mm,Bottom,0.0
R190,89.91001mm,39.31mm,Bottom,180.0
R186,111.11001mm,36.510000000000005mm,Bottom,0.0
R185,111.11001mm,39.31mm,Bottom,180.0
R181,96.91001mm,36.510000000000005mm,Bottom,0.0
R180,96.91001mm,39.31mm,Bottom,180.0
R139,88.81001mm,46.410000000000004mm,Top,90.0
R138,90.01001000000001mm,46.410000000000004mm,Top,90.0
R137,91.21001000000001mm,46.410000000000004mm,Top,90.0
R136,92.41001mm,46.410000000000004mm,Top,90.0
R135,88.81001mm,45.410000000000004mm,Top,270.0
R132,90.01001000000001mm,45.410000000000004mm,Top,270.0
R126,91.21001000000001mm,45.410000000000004mm,Top,270.0
R124,92.41001mm,45.410000000000004mm,Top,270.0
R119,113.21001000000001mm,32.510000000000005mm,Top,270.0
R118,113.21001000000001mm,28.41mm,Top,270.0
R253,94.81001mm,46.410000000000004mm,Top,270.0
R252,96.01001000000001mm,46.410000000000004mm,Top,270.0
R251,97.21001000000001mm,46.410000000000004mm,Top,270.0
R250,98.41001mm,46.410000000000004mm,Top,270.0
R249,94.81001mm,45.410000000000004mm,Top,90.0
R248,96.01001000000001mm,45.410000000000004mm,Top,90.0
R247,97.21001000000001mm,45.410000000000004mm,Top,90.0
R246,98.41001mm,45.410000000000004mm,Top,90.0
R235,99.61001mm,46.410000000000004mm,Top,270.0
R234,100.81001mm,46.410000000000004mm,Top,270.0
R233,102.01001000000001mm,46.410000000000004mm,Top,270.0
R232,103.21001000000001mm,46.410000000000004mm,Top,270.0
R231,99.61001mm,45.410000000000004mm,Top,90.0
R230,100.81001mm,45.410000000000004mm,Top,90.0
R229,102.01001000000001mm,45.410000000000004mm,Top,90.0
R228,103.21001000000001mm,45.410000000000004mm,Top,90.0
R226,104.41001mm,46.410000000000004mm,Top,90.0
R225,105.61001mm,46.410000000000004mm,Top,90.0
R224,106.81001mm,46.410000000000004mm,Top,90.0
R223,108.01001000000001mm,46.410000000000004mm,Top,90.0
R222,104.41001mm,45.410000000000004mm,Top,270.0
R221,105.61001mm,45.410000000000004mm,Top,270.0
R220,106.81001mm,45.410000000000004mm,Top,270.0
R219,108.01001000000001mm,45.410000000000004mm,Top,270.0
R218,106.31001mm,45.36mm,Bottom,180.0
R208,109.21001000000001mm,46.410000000000004mm,Top,90.0
R207,110.41001mm,46.410000000000004mm,Top,90.0
R206,111.61001mm,46.410000000000004mm,Top,90.0
R205,112.81001mm,46.410000000000004mm,Top,90.0
R204,109.21001000000001mm,45.410000000000004mm,Top,270.0
R203,110.41001mm,45.410000000000004mm,Top,270.0
R202,111.61001mm,45.410000000000004mm,Top,270.0
R201,112.81001mm,45.410000000000004mm,Top,270.0
P106,91.91001mm,34.46mm,Top,90.0
P105,99.53001mm,34.46mm,Top,90.0
P104,95.52001000000001mm,34.46mm,Top,90.0
P201,93.56001mm,45.910000000000004mm,Top,270.0
P200,114.11001mm,47.410000000000004mm,Top,270.0
J100,88.36001mm,24.61mm,Bottom,270.0
D100,110.71001000000001mm,24.4177mm,Bottom,0.0
D205,84.11351mm,39.1536mm,Top,270.0
D206,96.61001mm,42.61mm,Top,0.0
D203,101.41001mm,42.61mm,Top,0.0
D200,111.01001000000001mm,42.61mm,Top,0.0
D116,109.67391mm,33.810500000000005mm,Top,0.0
D115,105.43561000000001mm,33.810500000000005mm,Top,0.0
D114,109.67391mm,31.877100000000002mm,Top,0.0
D113,105.43561000000001mm,31.877100000000002mm,Top,0.0
D112,109.67391mm,29.9438mm,Top,0.0
D111,105.43561000000001mm,29.9438mm,Top,0.0
D110,109.67391mm,28.0105mm,Top,0.0
D109,105.55691mm,27.871100000000002mm,Top,0.0
D202,106.21001000000001mm,42.61mm,Top,0.0
C143,92.41001mm,43.51mm,Top,90.0
C144,91.21001000000001mm,43.51mm,Top,270.0
C145,90.01001000000001mm,43.51mm,Top,90.0
C146,88.81001mm,43.51mm,Top,90.0
C112,103.49781mm,34.124700000000004mm,Bottom,180.0
C111,113.81001mm,34.61mm,Bottom,0.0
C123,88.21001000000001mm,15.985mm,Bottom,180.0
C105,110.01001000000001mm,22.21mm,Bottom,180.0
C100,112.58251mm,22.21mm,Bottom,0.0
C229,92.41001mm,44.4151mm,Bottom,270.0
C224,114.26001000000001mm,45.81mm,Top,270.0
C223,114.26001000000001mm,41.56mm,Top,270.0
C222,114.21001000000001mm,44.51mm,Bottom,90.0
C221,93.98731000000001mm,41.7372mm,Top,90.0
C220,94.09471mm,41.71mm,Bottom,90.0
C225,98.60991000000001mm,42.660000000000004mm,Bottom,90.0
C226,97.51001000000001mm,42.660000000000004mm,Bottom,90.0
C227,95.35991000000001mm,42.660000000000004mm,Bottom,90.0
C228,94.29471000000001mm,45.4151mm,Bottom,270.0
C212,103.40991000000001mm,42.660000000000004mm,Bottom,90.0
C213,102.31001mm,42.660000000000004mm,Bottom,90.0
C214,100.15991000000001mm,42.660000000000004mm,Bottom,90.0
C215,99.11561mm,45.4151mm,Bottom,270.0
C200,113.00991mm,42.660000000000004mm,Bottom,90.0
C201,111.91001mm,42.660000000000004mm,Bottom,90.0
C202,109.75991mm,42.660000000000004mm,Bottom,90.0
C203,108.71951mm,45.4151mm,Bottom,270.0
C195,101.15991000000001mm,37.21mm,Bottom,90.0
C190,87.06001mm,37.36mm,Bottom,90.0
C185,108.26001000000001mm,37.21mm,Bottom,90.0
C180,94.06001mm,37.21mm,Bottom,90.0
C142,88.81001mm,46.410000000000004mm,Bottom,90.0
C141,90.01001000000001mm,46.410000000000004mm,Bottom,90.0
C139,91.20991000000001mm,46.410000000000004mm,Bottom,270.0
C135,92.41001mm,46.410000000000004mm,Bottom,90.0
C211,103.90191mm,45.4151mm,Bottom,270.0
C210,104.95991000000001mm,42.660000000000004mm,Bottom,90.0
C209,107.11001mm,42.660000000000004mm,Bottom,90.0
C208,108.20991000000001mm,42.660000000000004mm,Bottom,90.0
C147,97.46001000000001mm,29.0013mm,Bottom,0.0
F101,112.51001000000001mm,15.812800000000003mm,Bottom,270.0
R134,103.26001000000001mm,16.310000000000002mm,Bottom,180.0
R133,103.26001000000001mm,15.134999999999998mm,Bottom,180.0
C133,103.11001mm,18.42mm,Bottom,270.0
R131,96.31401000000001mm,33.0662mm,Bottom,0.0
R130,103.00991mm,27.885mm,Bottom,270.0
R129,103.00991mm,31.76mm,Bottom,270.0
Y101,100.72261mm,19.9926mm,Bottom,180.0
C116,99.78141000000001mm,21.4814mm,Bottom,0.0
C115,101.64561mm,21.4677mm,Bottom,180.0
C124,97.46001000000001mm,30.1411mm,Bottom,180.0
R121,87.78461mm,13.633000000000003mm,Bottom,0.0
R106,93.96001000000001mm,15.485mm,Bottom,180.0
J101,88.61001mm,14.759999999999998mm,Top,0.0
C108,101.51001000000001mm,18.41mm,Bottom,180.0
R105,83.56091mm,31.0289mm,Top,180.0
R104,83.76091000000001mm,32.218900000000005mm,Top,180.0
R103,83.56091mm,33.328900000000004mm,Top,180.0
R125,83.01001000000001mm,44.89mm,Top,90.0
C104,109.16001mm,13.810000000000002mm,Bottom,270.0
C137,101.81481000000001mm,34.1015mm,Top,180.0
D101,112.38051mm,19.5655mm,Bottom,0.0
C101,85.41841000000001mm,13.633000000000003mm,Bottom,0.0
R102,113.58251mm,21.1355mm,Bottom,0.0
R101,103.00991mm,24.01mm,Bottom,90.0
D102,83.71001000000001mm,15.009999999999998mm,Top,270.0
Y102,98.06621000000001mm,25.023500000000002mm,Bottom,270.0
R122,83.71001000000001mm,35.21mm,Bottom,180.0
R123,86.00021000000001mm,37.2341mm,Bottom,90.0
R127,97.91001mm,19.310000000000002mm,Bottom,0.0
R128,94.23221000000001mm,33.0662mm,Bottom,0.0
D106,105.55691mm,20.4451mm,Top,0.0
D105,105.55691mm,22.2451mm,Top,0.0
D107,99.40501mm,16.7205mm,Bottom,0.0
D104,105.55691mm,24.0451mm,Top,0.0
D103,105.55691mm,25.845100000000002mm,Top,0.0
C140,97.91001mm,20.41mm,Bottom,180.0
C132,100.34251mm,24.0349mm,Bottom,270.0
C136,100.34251mm,26.1101mm,Bottom,90.0
C127,89.71001000000001mm,33.0662mm,Bottom,180.0
C138,114.17611000000001mm,17.0378mm,Bottom,270.0
C130,99.69251mm,31.1565mm,Bottom,180.0
C131,89.71001000000001mm,34.21mm,Bottom,180.0
C122,99.69251mm,29.0013mm,Bottom,0.0
C114,83.84171mm,19.21mm,Top,180.0
C103,110.21001000000001mm,13.810000000000002mm,Bottom,270.0
C113,83.84171mm,18.01mm,Top,0.0
C102,110.01001000000001mm,21.1355mm,Bottom,0.0
U105,94.30061mm,25.16mm,Top,90.0
